Year,Country,Import,Export,GDP
2013,Afghanistan,0,5,20.88379576
2013,Albania,0,0,13.24384709
2013,Algeria,82,2,238.1087323
2013,Angola,34,9,137.1828528
2013,Antigua and Barbuda,0,2,1.37393784
2013,Argentina,811,179,572.2298124
2013,Armenia,0,5,11.52852116
2013,Austria,914,88,445.9363998
2013,Azerbaijan,286,11,76.87491078
2013,Bahrain,76,667,33.73044516
2013,Bangladesh,464,567,155.4890692
2013,Barbados,2,0,4.86523776
2013,Belarus,5,0,78.29194315
2013,Belgium,1688,1177,540.8890882
2013,Belize,2,0,2.09575578
2013,Benin,0,1,12.97601077
2013,Bermuda,22,0,6.70240914
2013,Bhutan,0,0,1.98318614
2013,Bolivia,22,0,31.78150135
2013,Bosnia and Herz.,0,1,18.84448208
2013,Botswana,1,6,14.79409885
2013,Brazil,577,722,2563.327204
2013,Brunei Darussalam,854,46,18.75659188
2013,Bulgaria,45,98,57.89636758
2013,Burkina Faso,0,6,13.93637533
2013,Burundi,0,0,2.54133789
2013,Cabo Verde,0,0,2.10317108
2013,Cambodia,81,29,15.78535111
2013,Cameroon,0,1,34.96312245
2013,Canada,1999,1372,1914.184734
2013,Cayman Islands,0,0,4.56705262
2013,Central African Republic,0,0,1.75345632
2013,Chad,0,1,13.4276472
2013,Chile,1003,359,287.5479539
2013,China,47158,86270,9920.759925
2013,Colombia,55,48,396.0787085
2013,Comoros,0,0,1.15707903
2013,Dem. Rep. Congo,2,19,33.8758564
2013,Congo,942,4,18.61602784
2013,Costa Rica,134,2,52.81447767
2013,Côte d'Ivoire,10,25,44.32530286
2013,Croatia,22,0,61.7701939
2013,Cuba,10,2,79.97169395
2013,Cyprus,17,0,24.83665826
2013,Czechia,642,112,219.4335218
2013,Denmark,1094,188,356.159924
2013,Greenland,1094,188,2.783218735
2013,Djibouti,0,2,2.11758631
2013,Dominica,0,0,0.51653444
2013,Dominican Rep.,28,8,64.97638905
2013,Ecuador,20,12,100.1049048
2013,Egypt,26,480,298.9910853
2013,El Salvador,10,17,22.79585113
2013,Equatorial Guinea,30,0,22.75218357
2013,Eritrea,0,0,0
2013,Estonia,47,10,26.03501506
2013,Eswatini,4,0,4.76582802
2013,Ethiopia,17,0,49.39225118
2013,Fiji,162,302,4.34332502
2013,Finland,825,69,281.2945413
2013,France,4007,1248,2914.79441
2013,French Polynesia,0,45,6.25259803
2013,Gabon,976,2,18.23976665
2013,Georgia,1,28,18.15882402
2013,Germany,11428,1924,3870.465634
2013,Ghana,6,122,65.12407331
2013,Gibraltar,0,1,0
2013,Greece,170,12,247.6519504
2013,Grenada,0,0,0.8734592
2013,Guam,0,13,5.5966088
2013,Guatemala,11,12,54.9361692
2013,Guinea,0,5,8.68320633
2013,Guinea-Bissau,0,0,1.15029833
2013,Guyana,0,0,4.32034661
2013,Haiti,0,0,15.44793459
2013,Honduras,32,0,19.1768378
2013,Hong Kong,1221,10683,285.7876613
2013,Hungary,307,19,140.6504973
2013,Iceland,12,0,16.71525386
2013,India,2401,9502,1924.679372
2013,Indonesia,5854,4581,945.9234326
2013,Iran,29,277,510.8116449
2013,Iraq,0,598,243.2256487
2013,Ireland,1517,69,246.8276301
2013,Israel,691,228,308.6300959
2013,Italy,5789,701,2220.320658
2013,Jamaica,0,8,14.78628933
2013,Japan,18941,47052,5403.104605
2013,Jordan,12,207,35.7155071
2013,Kazakhstan,0,39,245.2956665
2013,Kenya,30,94,63.9286768
2013,Kiribati,0,24,0.20915294
2013,South Korea,10575,19242,1420.799492
2013,Kuwait,412,606,180.5428439
2013,Laos,51,41,12.42158978
2013,Latvia,11,14,31.31030874
2013,Lebanon,12,41,48.59596173
2013,Lesotho,0,0,2.45375163
2013,Liberia,0,3,3.29348673
2013,Libya,761,11,78.1090329
2013,Lithuania,50,4,48.22622377
2013,Luxembourg,46,1,67.58978159
2013,Madagascar,1,12,12.87827001
2013,Malawi,0,29,8.32553549
2013,Malaysia,9481,5209,335.108469
2013,Maldives,0,29,3.41560987
2013,Mali,1,35,13.72738651
2013,Malta,20,4,10.93720887
2013,Marshall Islands,0,4,0.19261811
2013,Mauritania,0,22,7.48744272
2013,Mauritius,13,94,12.74290929
2013,Mexico,2089,394,1376.021786
2013,Moldova,0,2,9.84430725
2013,Mongolia,0,23,13.04264087
2013,Montenegro,0,0,4.62922414
2013,Morocco,28,33,119.975461
2013,Mozambique,0,421,17.82753973
2013,Myanmar,23,118,62.47566535
2013,Namibia,7,14,12.48410437
2013,Nauru,14,138,0.0978396
2013,Nepal,6,15,22.97336379
2013,Netherlands,1672,2281,909.2782271
2013,New Caledonia,131,283,10.5229337
2013,New Zealand,7401,7326,197.897347
2013,Nicaragua,13,1,11.38492537
2013,Niger,1,0,10.59913891
2013,Nigeria,1871,166,539.1539892
2013,North Macedonia,4,0,11.21364107
2013,Northern Mariana Islands,0,1,0.80025597
2013,Norway,413,103,545.2671236
2013,Oman,83,386,93.2277691
2013,Pakistan,195,402,268.124345
2013,Palau,0,0,0.2324735
2013,Panama,6,55,47.26890194
2013,Papua New Guinea,3000,2472,22.0395243
2013,Paraguay,0,1,39.91030171
2013,Peru,138,78,208.5387696
2013,Philippines,740,1370,294.293956
2013,Poland,564,131,534.6393574
2013,Portugal,137,17,234.7215636
2013,Puerto Rico,492,4,106.1997725
2013,Qatar,722,503,206.0012734
2013,Romania,80,30,196.7357352
2013,Russia,1057,737,2376.376776
2013,Rwanda,0,18,8.10618212
2013,Samoa,35,26,0.82693428
2013,Sao Tome and Principe,0,0,0.27681574
2013,Saudi Arabia,270,2181,781.4567291
2013,Senegal,0,54,19.61110988
2013,Serbia,13,0,50.16551703
2013,Seychelles,0,3,1.38195541
2013,Sierra Leone,15,6,5.1004328
2013,Singapore,12900,5618,318.833963
2013,Slovenia,88,38,50.18771874
2013,Solomon Islands,93,147,1.33297724
2013,Somalia,0,0,6.04962544
2013,South Africa,906,1321,415.5588426
2013,South Sudan,0,0,19.10089621
2013,"Southern and East Africa, nec",0,0,998.6067505
2013,Spain,2555,443,1405.195103
2013,Sri Lanka,155,201,79.81887633
2013,St Lucia,0,0,1.72098802
2013,St Vincent and the Grenadines,0,0,0.79277302
2013,Sudan,0,291,44.59874017
2013,Suriname,0,2,5.33409745
2013,Sweden,2132,252,608.3208193
2013,Switzerland (includes Liechtenstein),2968,834,732.0838423
2013,Syria,0,2,22.14309793
2013,Taiwan,3988,7211,531.7141169
2013,Tajikistan,0,2,8.75763162
2013,Tanzania,6,126,47.31965107
2013,Thailand,11392,4898,435.7182867
2013,Timor-Leste,1,23,1.44681242
2013,Togo,0,2,6.24213443
2013,Tonga,0,5,0.4671449
2013,Trinidad and Tobago,8,19,29.760803
2013,Tunisia,18,4,50.46738244
2013,Turkey,643,922,992.8555256
2013,Turkmenistan,0,0,40.63221316
2013,Turks and Caicos Islands,0,0,0.78184387
2013,Tuvalu,0,0,0.04002927
2013,Uganda,1,34,29.97413322
2013,Ukraine,47,34,197.4712585
2013,United Arab Emirates,3770,2625,414.8669282
2013,United Kingdom,6194,3793,2886.781926
2013,USA,24571,9272,17498.53288
2013,U.S. Virgin Islands,24571,9272,17498.53288
2013,Uruguay,21,16,63.58264023
2013,Uzbekistan,0,5,75.85850048
2013,Vanuatu,0,68,0.78605917
2013,Vietnam,3813,2127,221.5307679
2013,"Virgin Islands, United States",0,0,3.87481454
2013,Yemen,0,321,41.8944714
2013,Zambia,0,18,29.06343046
2013,Zimbabwe,0,6,19.78977042
2014,Afghanistan,0,5,22.74086723
2014,Albania,0,0,14.67617991
2014,Algeria,2,48,265.0987619
2014,Angola,38,9,150.8505446
2014,Antigua and Barbuda,0,0,1.52976459
2014,Argentina,772,135,583.9337831
2014,Armenia,0,0,12.88036022
2014,Austria,1039,74,491.0328047
2014,Azerbaijan,85,10,83.47598381
2014,Bahrain,69,728,37.04253213
2014,Bangladesh,557,549,191.8118169
2014,Barbados,0,1,5.22762478
2014,Belarus,0,0,87.44012756
2014,Belgium,1747,1049,593.9972238
2014,Belize,2,0,2.35775461
2014,Benin,0,0,14.73873197
2014,Bermuda,9,0,7.11610161
2014,Bhutan,0,0,2.28253865
2014,Bolivia,29,0,36.60814873
2014,Bosnia and Herz.,4,0,20.59028389
2014,Botswana,0,1,17.16353721
2014,Brazil,599,1038,2724.89701
2014,Brunei Darussalam,945,43,18.96943083
2014,Bulgaria,47,154,63.41461677
2014,Burkina Faso,0,7,15.46930227
2014,Burundi,0,2,3.00197461
2014,Cabo Verde,0,0,2.26545205
2014,Cambodia,119,44,18.53097884
2014,Cameroon,0,0,40.36963422
2014,Canada,2039,1218,2003.418095
2014,Cayman Islands,1,0,5.06233091
2014,Central African Republic,0,0,2.10223103
2014,Chad,0,1,15.46680724
2014,Chile,943,255,287.9740803
2014,China,51976,82412,11622.3497
2014,Colombia,68,34,422.9737769
2014,Comoros,0,0,1.27542842
2014,Dem. Rep. Congo,0,13,39.83986
2014,Congo,866,2,19.88087748
2014,Costa Rica,134,1,57.71043717
2014,Côte d'Ivoire,19,7,54.18965407
2014,Croatia,24,1,66.00150384
2014,Cuba,10,4,89.48520064
2014,Cyprus,20,2,25.76835989
2014,Czechia,611,120,232.2765083
2014,Denmark,1085,113,391.6344325
2014,Greenland,1085,113,3.153175273
2014,Djibouti,0,0,2.45711114
2014,Dominica,0,0,0.57739898
2014,Dominican Rep.,30,8,74.53387671
2014,Ecuador,21,19,113.9619
2014,Egypt,39,483,339.0477159
2014,El Salvador,19,25,25.06668679
2014,Equatorial Guinea,34,1,24.14803017
2014,Eritrea,0,1,0
2014,Estonia,37,3,29.5496106
2014,Eswatini,0,0,4.90715289
2014,Ethiopia,23,3,61.69987641
2014,Fiji,156,313,5.3887926
2014,Finland,763,45,304.950961
2014,France,4247,1137,3168.595497
2014,French Polynesia,0,48,6.82543102
2014,Gabon,1130,3,20.19668234
2014,Georgia,5,8,19.93268292
2014,Germany,11851,1677,4314.816511
2014,Ghana,137,53,60.7802307
2014,Gibraltar,0,0,0
2014,Greece,205,13,261.2327931
2014,Grenada,0,0,1.01127415
2014,Guam,0,12,6.22410426
2014,Guatemala,14,4,64.18499685
2014,Guinea,0,1,9.73941804
2014,Guinea-Bissau,0,0,1.25952208
2014,Guyana,0,9,4.5794986
2014,Haiti,0,0,16.80495225
2014,Honduras,61,0,21.91920272
2014,Hong Kong,1196,9868,323.3649559
2014,Hungary,473,17,156.472254
2014,Iceland,22,3,19.82356369
2014,India,3066,8819,2262.341498
2014,Indonesia,6178,5024,988.3286836
2014,Iran,33,360,510.7790541
2014,Iraq,0,280,253.4194044
2014,Ireland,1572,51,288.1082206
2014,Israel,733,229,348.7385165
2014,Italy,6085,642,2398.676161
2014,Jamaica,0,13,15.42070944
2014,Japan,17178,47618,5433.048795
2014,Jordan,25,213,40.88120767
2014,Kazakhstan,1,20,245.6530952
2014,Kenya,34,88,75.76076952
2014,Kiribati,0,19,0.22202061
2014,South Korea,12334,19836,1646.989547
2014,Kuwait,99,625,180.455145
2014,Laos,1,35,14.73259901
2014,Latvia,18,8,34.8226945
2014,Lebanon,15,45,53.36000441
2014,Lesotho,0,0,2.70827646
2014,Liberia,0,14,3.57875122
2014,Libya,0,23,63.65267787
2014,Lithuania,34,3,53.84644517
2014,Luxembourg,19,0,76.33659944
2014,Madagascar,4,15,13.89379545
2014,Malawi,0,12,9.76477214
2014,Malaysia,11119,5982,375.0728383
2014,Maldives,0,35,4.10208749
2014,Mali,22,15,15.93740933
2014,Malta,22,3,12.89848416
2014,Marshall Islands,0,2,0.20574647
2014,Mauritania,0,9,7.31419652
2014,Mauritius,15,110,14.50530266
2014,Mexico,1970,501,1513.874919
2014,Moldova,0,0,10.43129934
2014,Mongolia,0,10,13.56490232
2014,Montenegro,0,0,5.09672404
2014,Morocco,87,46,132.1716181
2014,Mozambique,0,405,19.94625333
2014,Myanmar,25,132,72.70483161
2014,Namibia,8,20,13.79668786
2014,Nauru,5,93,0.11000272
2014,Nepal,7,16,25.21995166
2014,Netherlands,1949,1997,989.8300475
2014,New Caledonia,204,310,11.7992104
2014,New Zealand,7848,7983,223.3771718
2014,Nicaragua,15,1,13.18093767
2014,Niger,1,0,12.05206652
2014,Nigeria,1615,221,637.0373633
2014,North Macedonia,9,0,12.60604698
2014,Northern Mariana Islands,0,0,0.92307571
2014,Norway,441,195,556.6595565
2014,Oman,42,372,102.8464883
2014,Pakistan,211,422,301.0985046
2014,Palau,0,0,0.27263043
2014,Panama,9,44,55.38609597
2014,Papua New Guinea,3665,2157,25.75162005
2014,Paraguay,1,0,44.7979397
2014,Peru,141,57,222.7655183
2014,Philippines,1175,1595,330.0478902
2014,Poland,761,316,598.0914584
2014,Portugal,153,17,255.0684126
2014,Puerto Rico,371,11,113.6601319
2014,Qatar,582,501,228.7991805
2014,Romania,118,45,221.5756489
2014,Russia,1307,531,2284.65853
2014,Rwanda,0,3,9.14085293
2014,Samoa,29,25,0.88389328
2014,Sao Tome and Principe,0,0,0.32520572
2014,Saudi Arabia,426,2257,850.5231445
2014,Senegal,0,13,21.96437959
2014,Serbia,12,0,52.21391347
2014,Seychelles,2,6,1.53947047
2014,Sierra Leone,0,3,5.5641725
2014,Singapore,12567,8415,349.3304375
2014,Slovenia,108,20,55.47017845
2014,Solomon Islands,40,137,1.48177108
2014,Somalia,0,0,7.25297924
2014,South Africa,913,1191,422.9271853
2014,South Sudan,0,0,15.49060044
2014,"Southern and East Africa, nec",0,0,1086.932371
2014,Spain,3075,572,1521.988245
2014,Sri Lanka,181,241,91.5626044
2014,St Lucia,0,0,1.94066149
2014,St Vincent and the Grenadines,0,0,0.85528734
2014,Sudan,0,186,54.93714902
2014,Suriname,0,0,5.81427424
2014,Sweden,2037,275,645.6692903
2014,Switzerland (includes Liechtenstein),2812,545,806.0689961
2014,Syria,0,2,23.85580612
2014,Taiwan,4402,6893,593.9304338
2014,Tajikistan,0,2,10.11012593
2014,Tanzania,34,58,55.45857346
2014,Thailand,10909,5134,451.9288156
2014,Timor-Leste,1,38,1.60599109
2014,Togo,8,1,7.09316924
2014,Tonga,0,13,0.48802926
2014,Trinidad and Tobago,10,19,32.95110554
2014,Tunisia,22,6,55.77486719
2014,Turkey,755,495,1041.716025
2014,Turkmenistan,0,1,48.28863176
2014,Turks and Caicos Islands,0,0,0.93313857
2014,Tuvalu,0,0,0.04300399
2014,Uganda,1,16,36.18234594
2014,Ukraine,33,114,148.1180067
2014,United Arab Emirates,2817,2942,459.4358248
2014,United Kingdom,6073,3670,3400.189601
2014,USA,26419,11254,19535.63043
2014,Uruguay,27,8,68.22792858
2014,Uzbekistan,0,2,89.69520681
2014,Vanuatu,0,76,0.85685833
2014,Vietnam,4944,3042,259.0064682
2014,"Virgin Islands, United States",0,0,3.95524629
2014,Yemen,0,316,47.96064564
2014,Zambia,0,26,30.11204284
2014,Zimbabwe,0,0,21.62961615
2015,Afghanistan,0,0,25.48919414
2015,Albania,0,0,15.16872309
2015,Algeria,0,13,249.7654399
2015,Angola,26,5,120.5526347
2015,Antigua and Barbuda,2,0,1.91527156
2015,Argentina,828,337,792.2809866
2015,Armenia,0,1,14.0583753
2015,Austria,1124,90,508.8336982
2015,Azerbaijan,0,8,70.7042331
2015,Bahrain,92,912,41.46355547
2015,Bangladesh,848,686,259.9598703
2015,Barbados,0,1,6.31247947
2015,Belarus,0,0,75.20502566
2015,Belgium,1636,1204,615.88924
2015,Belize,0,0,2.92362933
2015,Benin,0,0,15.17046536
2015,Bermuda,2,0,8.86468708
2015,Bhutan,0,0,2.87062631
2015,Bolivia,23,1,43.96042209
2015,Bosnia and Herz.,11,0,21.85265964
2015,Botswana,0,8,18.02466234
2015,Brazil,644,1117,2400.773738
2015,Brunei Darussalam,397,46,17.22477748
2015,Bulgaria,59,89,67.68798057
2015,Burkina Faso,0,18,15.76192706
2015,Burundi,0,1,4.13492383
2015,Cabo Verde,0,0,2.33103083
2015,Cambodia,161,44,24.04481341
2015,Cameroon,0,5,42.90808887
2015,Canada,2224,1540,2073.465863
2015,Cayman Islands,10,0,6.27187201
2015,Central African Republic,0,1,2.25905353
2015,Chad,0,0,14.58730224
2015,Chile,875,312,322.9744227
2015,China,61670,75236,14735.40849
2015,Colombia,82,32,390.9688171
2015,Comoros,0,0,1.28687315
2015,Dem. Rep. Congo,0,7,50.51116269
2015,Congo,129,3,16.56471222
2015,Costa Rica,111,4,75.18775022
2015,Côte d'Ivoire,26,15,61.03135958
2015,Croatia,27,1,67.953306
2015,Cuba,13,0,116.0718683
2015,Cyprus,22,0,26.52165496
2015,Czechia,841,139,250.4837154
2015,Denmark,1125,120,403.1986672
2015,Greenland,1125,120,403.1986672
2015,Djibouti,0,1,3.22959533
2015,Dominica,0,0,0.72032987
2015,Dominican Rep.,34,12,94.80051611
2015,Ecuador,34,14,129.4953797
2015,Egypt,34,540,438.7577805
2015,El Salvador,23,18,31.2226889
2015,Equatorial Guinea,47,5,17.56474322
2015,Eritrea,0,8,0
2015,Estonia,61,6,30.49337934
2015,Eswatini,0,0,5.4127552
2015,Ethiopia,28,1,86.04112388
2015,Fiji,185,367,6.23765321
2015,Finland,723,36,312.4293487
2015,France,4370,1113,3249.30661
2015,French Polynesia,0,49,7.09469841
2015,Gabon,592,4,19.16011181
2015,Georgia,3,4,20.28001467
2015,Germany,12366,1853,4472.727234
2015,Ghana,7,60,65.81503055
2015,Gibraltar,0,3,0
2015,Greece,199,13,260.6751141
2015,Grenada,0,0,1.32813949
2015,Guam,3,14,7.72499867
2015,Guatemala,29,15,82.83967365
2015,Guinea,0,5,11.71498566
2015,Guinea-Bissau,0,0,1.53512091
2015,Guyana,0,0,5.7012864
2015,Haiti,0,0,19.78157729
2015,Honduras,51,0,27.94772598
2015,Hong Kong,1203,8982,412.1406319
2015,Hungary,547,23,166.7477624
2015,Iceland,23,0,23.33513158
2015,India,4769,10339,2802.244748
2015,Indonesia,5623,4966,1146.766306
2015,Iran,32,92,543.7910414
2015,Iraq,0,38,222.1641213
2015,Ireland,2091,63,389.4659881
2015,Israel,794,304,404.1860469
2015,Italy,5813,716,2446.632847
2015,Jamaica,0,38,18.90145178
2015,Japan,19699,39540,5921.20769
2015,Jordan,39,243,51.40276979
2015,Kazakhstan,2,19,245.628588
2015,Kenya,41,75,93.40927044
2015,Kiribati,0,27,0.25519847
2015,South Korea,15099,17675,1952.948584
2015,Kuwait,11,741,152.6423981
2015,Laos,3,26,19.21724968
2015,Latvia,21,6,36.31787176
2015,Lebanon,15,54,66.5121691
2015,Lesotho,0,0,3.14340004
2015,Liberia,0,1,4.29887144
2015,Libya,0,4,64.89785017
2015,Lithuania,45,12,55.19735129
2015,Luxembourg,25,12,80.0229192
2015,Madagascar,6,8,15.08369027
2015,Malawi,0,17,12.28150153
2015,Malaysia,9949,4554,401.4431864
2015,Maldives,0,35,5.5010214
2015,Mali,5,15,17.45719735
2015,Malta,22,2,14.77525376
2015,Marshall Islands,0,5,0.24407603
2015,Mauritania,0,4,8.21503974
2015,Mauritius,23,100,15.99522459
2015,Mexico,2461,527,1616.261106
2015,Moldova,0,0,10.38747521
2015,Mongolia,9,9,15.47916104
2015,Montenegro,0,0,5.40141136
2015,Morocco,41,15,147.0851255
2015,Mozambique,0,459,21.59241138
2015,Myanmar,48,142,79.40442134
2015,Namibia,11,11,15.09986279
2015,Nauru,15,67,0.1130488
2015,Nepal,9,37,32.45165677
2015,Netherlands,2124,2253,1019.839393
2015,New Caledonia,146,362,11.64038751
2015,New Zealand,7609,8341,237.2572632
2015,Nicaragua,18,2,16.99354051
2015,Niger,1,0,12.90013225
2015,Nigeria,0,245,656.7736629
2015,North Macedonia,10,0,13.40720872
2015,Northern Mariana Islands,0,2,1.21223466
2015,Norway,362,56,517.0773784
2015,Oman,78,499,104.8526942
2015,Pakistan,278,643,399.589298
2015,Palau,0,1,0.38260787
2015,Panama,7,55,72.05709317
2015,Papua New Guinea,2985,1699,28.93835525
2015,Paraguay,1,0,48.23821117
2015,Peru,139,82,252.8414796
2015,Philippines,744,1537,408.2245127
2015,Poland,763,304,635.5723516
2015,Portugal,191,17,265.6180203
2015,Puerto Rico,420,0,137.7091913
2015,Qatar,555,667,215.4580001
2015,Romania,135,55,236.9637455
2015,Russia,337,528,1816.330065
2015,Rwanda,1,3,11.38136362
2015,Samoa,33,34,1.09787231
2015,Sao Tome and Principe,0,0,0.34635228
2015,Saudi Arabia,434,2166,891.8373982
2015,Senegal,0,23,23.67822886
2015,Serbia,17,0,52.82672169
2015,Seychelles,1,9,1.90814175
2015,Sierra Leone,1,5,5.66423886
2015,Singapore,9190,6748,410.2928701
2015,Slovenia,129,34,57.42462957
2015,Solomon Islands,11,156,1.74230077
2015,Somalia,0,0,9.3048297
2015,South Africa,1186,1228,461.8611263
2015,South Sudan,0,0,15.98258234
2015,"Southern and East Africa, nec",0,0,1197.975152
2015,Spain,2055,561,1593.431802
2015,Sri Lanka,211,320,113.4184803
2015,St Lucia,0,0,2.40800523
2015,St Vincent and the Grenadines,0,0,1.04779111
2015,Sudan,1,72,68.90656013
2015,Suriname,0,2,6.82879445
2015,Sweden,1937,267,672.8618798
2015,Switzerland (includes Liechtenstein),3203,695,924.6528831
2015,Syria,0,4,21.93593647
2015,Taiwan,4736,6286,712.0479895
2015,Tajikistan,0,0,11.01858894
2015,Tanzania,7,116,63.16131535
2015,Thailand,13575,4306,534.5771526
2015,Timor-Leste,1,26,2.12501419
2015,Togo,12,4,7.66699929
2015,Tonga,0,13,0.58214316
2015,Trinidad and Tobago,11,21,36.00214516
2015,Tunisia,29,7,60.98405428
2015,Turkey,818,466,1151.374899
2015,Turkmenistan,1,1,47.68973019
2015,Turks and Caicos Islands,0,0,1.25495594
2015,Tuvalu,0,6,0.04903814
2015,Uganda,0,9,43.14380951
2015,Ukraine,27,145,121.264719
2015,United Arab Emirates,2471,3358,493.2535802
2015,United Kingdom,7112,3689,3900.346557
2015,USA,29642,13605,24371.27048
2015,Uruguay,20,9,76.83746462
2015,Uzbekistan,0,1,114.8242854
2015,Vanuatu,0,86,0.973612
2015,Vietnam,4481,3463,318.72224
2015,"Virgin Islands, United States",0,0,4.87957754
2015,Yemen,0,386,56.54140878
2015,Zambia,3,20,28.30929843
2015,Zimbabwe,0,0,26.59339199
2016,Afghanistan,0,22,24.38175416
2016,Albania,2,1,15.96311112
2016,Algeria,370,6,243.2766751
2016,Angola,13,7,71.00795626
2016,Antigua and Barbuda,0,0,2.00486702
2016,Argentina,668,167,750.341493
2016,Armenia,0,0,14.19326435
2016,Austria,1442,49,532.7282015
2016,Azerbaijan,0,2,50.96238895
2016,Bahrain,61,753,43.40306747
2016,Bangladesh,886,821,356.9460477
2016,Barbados,1,2,6.52484754
2016,Belarus,0,0,64.22758811
2016,Belgium,1700,950,640.6976365
2016,Belize,0,0,3.01544905
2016,Benin,0,1,15.90909777
2016,Bermuda,0,0,9.28607962
2016,Bhutan,0,0,3.12599112
2016,Bolivia,13,1,45.6788501
2016,Bosnia and Herz.,27,0,23.03640449
2016,Botswana,0,0,20.29860527
2016,Brazil,754,1149,2416.690977
2016,Brunei Darussalam,315,42,15.34304403
2016,Bulgaria,70,92,72.62649504
2016,Burkina Faso,0,14,17.27147365
2016,Burundi,0,0,3.55902041
2016,Cabo Verde,0,0,2.48949546
2016,Cambodia,213,45,26.9390597
2016,Cameroon,0,3,45.50821396
2016,Canada,2102,1775,2056.415052
2016,Cayman Islands,1,0,6.60709346
2016,Central African Republic,0,3,2.45615687
2016,Chad,0,1,13.58985231
2016,Chile,533,472,335.5748008
2016,China,59374,81703,15118.08568
2016,Colombia,76,49,380.4920617
2016,Comoros,0,0,1.36310034
2016,Dem. Rep. Congo,0,2,49.97698144
2016,Congo,268,0,14.71166564
2016,Costa Rica,113,11,79.19784901
2016,Côte d'Ivoire,21,22,65.14842341
2016,Croatia,30,13,70.978943
2016,Cuba,12,0,122.9686705
2016,Cyprus,29,4,28.32486247
2016,Czechia,752,145,264.148053
2016,Denmark,1211,132,421.3995587
2016,Greenland,1211,132,421.3995587
2016,Djibouti,0,3,3.50581648
2016,Dominica,0,0,0.77550482
2016,Dominican Rep.,76,7,101.8852834
2016,Ecuador,30,18,131.448754
2016,Egypt,34,417,447.4087073
2016,El Salvador,11,19,32.55745547
2016,Equatorial Guinea,88,0,15.12817281
2016,Eritrea,0,0,0
2016,Estonia,74,10,32.39783953
2016,Eswatini,2,0,5.13569785
2016,Ethiopia,24,3,99.99049142
2016,Fiji,189,418,6.63520971
2016,Finland,764,67,324.0363446
2016,France,4511,1261,3328.179712
2016,French Polynesia,0,49,7.39805461
2016,Gabon,604,1,18.87371614
2016,Georgia,1,3,20.78567547
2016,Germany,13525,2405,4669.819008
2016,Ghana,11,119,75.58822215
2016,Gibraltar,0,0,0
2016,Greece,213,14,259.9437975
2016,Grenada,0,0,1.42878371
2016,Guam,0,15,7.94171923
2016,Guatemala,18,4,88.89638778
2016,Guinea,0,3,11.56866054
2016,Guinea-Bissau,0,0,1.67565332
2016,Guyana,0,1,6.03293063
2016,Haiti,1,2,18.9347995
2016,Honduras,24,0,29.2281174
2016,Hong Kong,921,9964,431.8221577
2016,Hungary,584,33,173.0864433
2016,Iceland,17,218,27.98398616
2016,India,4366,11250,3088.397313
2016,Indonesia,4909,5363,1254.144785
2016,Iran,84,80,616.3272271
2016,Iraq,0,36,224.4078153
2016,Ireland,2731,105,401.8088214
2016,Israel,794,260,433.49431
2016,Italy,5898,733,2526.211881
2016,Jamaica,0,16,18.94532271
2016,Japan,19583,35558,6734.079447
2016,Jordan,30,190,53.68843251
2016,Kazakhstan,0,14,184.7527324
2016,Kenya,30,67,100.6881662
2016,Kiribati,0,25,0.27812648
2016,South Korea,10932,17298,2018.308099
2016,Kuwait,19,700,147.2423466
2016,Laos,12,24,21.41478331
2016,Latvia,16,7,37.79563571
2016,Lebanon,16,42,68.83537798
2016,Lesotho,0,0,2.8456501
2016,Liberia,0,0,4.57368146
2016,Libya,0,1,67.1729665
2016,Lithuania,50,10,57.93418809
2016,Luxembourg,21,1,83.73310206
2016,Madagascar,11,9,15.94617259
2016,Malawi,0,19,10.64530684
2016,Malaysia,9316,4726,405.438203
2016,Maldives,1,37,5.93501544
2016,Mali,5,13,18.87662053
2016,Malta,23,3,15.70311872
2016,Marshall Islands,0,4,0.2703774
2016,Mauritania,0,10,8.61160088
2016,Mauritius,26,88,16.94954187
2016,Mexico,2504,464,1496.872759
2016,Moldova,0,0,10.7409257
2016,Mongolia,1,15,15.04815242
2016,Montenegro,0,0,5.89058697
2016,Morocco,66,23,150.157773
2016,Mozambique,0,369,16.24284295
2016,Myanmar,32,158,85.18858133
2016,Namibia,10,8,14.42997158
2016,Nauru,7,57,0.13127448
2016,Nepal,8,46,33.00518417
2016,Netherlands,2265,2572,1055.208913
2016,New Caledonia,30,343,11.74175174
2016,New Zealand,7549,8667,254.2241213
2016,Nicaragua,19,2,17.88080383
2016,Niger,0,1,13.99505883
2016,Nigeria,0,191,544.5873136
2016,North Macedonia,12,0,14.36328367
2016,Northern Mariana Islands,0,3,1.65536598
2016,Norway,319,69,499.2429667
2016,Oman,48,494,101.1102098
2016,Pakistan,347,647,422.0914086
2016,Palau,0,1,0.41102088
2016,Panama,3,46,77.93368826
2016,Papua New Guinea,3557,1704,27.93783633
2016,Paraguay,2,0,48.57045689
2016,Peru,353,62,258.2614582
2016,Philippines,778,1917,428.816505
2016,Poland,893,384,632.5713265
2016,Portugal,209,17,277.8136829
2016,Puerto Rico,330,2,140.4190436
2016,Qatar,343,558,204.2051154
2016,Romania,252,54,249.3649107
2016,Russia,219,448,1718.332267
2016,Rwanda,0,2,11.70232326
2016,Samoa,33,30,1.13577593
2016,Sao Tome and Principe,0,0,0.39334089
2016,Saudi Arabia,435,1599,896.320116
2016,Senegal,2,24,25.62494739
2016,Serbia,24,0,54.76524207
2016,Seychelles,0,6,2.11094605
2016,Sierra Leone,1,0,5.19855071
2016,Singapore,6990,5503,429.3910931
2016,Slovenia,135,48,60.24821947
2016,Solomon Islands,10,107,1.85655392
2016,Somalia,0,1,9.94672625
2016,South Africa,1059,975,435.4897921
2016,South Sudan,0,0,0
2016,"Southern and East Africa, nec",0,0,1116.806735
2016,Spain,2092,556,1660.150347
2016,Sri Lanka,223,219,118.4492177
2016,St Lucia,0,0,2.5147357
2016,St Vincent and the Grenadines,0,0,1.0959111
2016,Sudan,1,8,57.37306841
2016,Suriname,0,0,4.46467231
2016,Sweden,2048,296,693.9814639
2016,Switzerland (includes Liechtenstein),3170,1072,925.7875966
2016,Syria,0,1,16.95452065
2016,Taiwan,4354,7211,730.8911841
2016,Tajikistan,0,0,9.41057539
2016,Tanzania,4,52,66.98769427
2016,Thailand,14581,3545,556.319181
2016,Timor-Leste,1,37,2.22411703
2016,Togo,11,4,8.17073973
2016,Tonga,1,19,0.56598539
2016,Trinidad and Tobago,9,19,31.9144757
2016,Tunisia,31,10,59.70093918
2016,Turkey,993,539,1170.441834
2016,Turkmenistan,2,1,48.67775738
2016,Turks and Caicos Islands,0,0,1.38950075
2016,Tuvalu,0,2,0.05602548
2016,Uganda,3,8,39.30348729
2016,Ukraine,45,52,125.6407563
2016,United Arab Emirates,2044,2881,496.9534187
2016,United Kingdom,7125,10073,3619.069535
2016,USA,28809,11979,25308.14084
2016,Uruguay,23,11,77.3591395
2016,Uzbekistan,0,0,115.9271485
2016,Vanuatu,0,88,1.05094154
2016,Vietnam,4505,3760,346.0064829
2016,"Virgin Islands, United States",1,0,5.11144715
2016,Yemen,0,254,42.14834352
2016,Zambia,0,17,28.20637651
2016,Zimbabwe,0,0,27.65494525
2017,Afghanistan,0,12,24.46943502
2017,Albania,0,2,16.98808668
2017,Algeria,430,32,247.7558348
2017,Angola,0,7,96.15061947
2017,Antigua and Barbuda,2,0,1.99784081
2017,Argentina,731,337,839.803753
2017,Armenia,0,1,15.04098201
2017,Austria,1614,55,544.4406819
2017,Azerbaijan,0,3,53.3226119
2017,Bahrain,88,896,46.2206285
2017,Bangladesh,851,1194,383.2609219
2017,Barbados,0,0,6.52457734
2017,Belarus,2,0,71.40535547
2017,Belgium,1976,1256,656.0053963
2017,Belize,1,0,2.95753519
2017,Benin,0,0,16.57306973
2017,Bermuda,0,0,9.31926535
2017,Bhutan,0,0,3.3811937
2017,Bolivia,18,1,48.94112627
2017,Bosnia and Herz.,24,0,23.91217866
2017,Botswana,8,1,21.01394294
2017,Brazil,736,1497,2692.466088
2017,Brunei Darussalam,272,41,15.82480585
2017,Bulgaria,68,20,77.38712217
2017,Burkina Faso,0,17,18.40669926
2017,Burundi,0,0,3.55372538
2017,Cabo Verde,0,0,2.60534037
2017,Cambodia,175,39,28.93672262
2017,Cameroon,0,5,47.10123981
2017,Canada,2134,1624,2151.955216
2017,Cayman Islands,19,1,6.74094317
2017,Central African Republic,0,0,2.70399396
2017,Chad,0,1,13.04847459
2017,Chile,454,388,360.3249738
2017,China,63978,99563,16062.67985
2017,Colombia,99,52,406.9226512
2017,Comoros,0,0,1.40583909
2017,Dem. Rep. Congo,0,1,49.60738463
2017,Congo,314,0,15.44157309
2017,Costa Rica,120,3,78.961093
2017,Côte d'Ivoire,20,61,68.5178964
2017,Croatia,37,1,73.48930727
2017,Cuba,12,0,126.3703403
2017,Cyprus,27,4,29.9406102
2017,Czechia,716,172,285.2661676
2017,Denmark,1317,159,433.3502356
2017,Greenland,1317,159,433.3502356
2017,Djibouti,1,3,3.60460508
2017,Dominica,0,0,0.68051877
2017,Dominican Rep.,62,11,104.3811308
2017,Ecuador,31,21,136.3087579
2017,Egypt,50,539,324.0627511
2017,El Salvador,12,16,32.5927472
2017,Equatorial Guinea,26,0,15.91970363
2017,Eritrea,0,2,0
2017,Estonia,96,12,35.13082998
2017,Eswatini,4,0,5.74497663
2017,Ethiopia,29,0,106.694326
2017,Fiji,175,424,6.98518517
2017,Finland,864,59,333.5684616
2017,France,4793,1417,3386.142703
2017,French Polynesia,0,51,7.61133526
2017,Gabon,571,1,19.47993555
2017,Georgia,3,11,21.4940681
2017,Germany,13678,2399,4815.805211
2017,Ghana,8,100,78.81740811
2017,Gibraltar,0,0,0
2017,Greece,229,19,260.7561816
2017,Grenada,0,0,1.46878953
2017,Guam,1,10,7.84573835
2017,Guatemala,20,1,93.49353169
2017,Guinea,0,7,13.47158586
2017,Guinea-Bissau,0,0,1.91802221
2017,Guyana,0,3,6.19539888
2017,Haiti,0,0,19.69375205
2017,Honduras,41,1,30.18808383
2017,Hong Kong,752,12001,445.2920231
2017,Hungary,619,28,186.7322209
2017,Iceland,9,272,32.26536759
2017,India,5099,15734,3459.633012
2017,Indonesia,4179,6661,1325.175275
2017,Iran,44,150,634.9530694
2017,Iraq,0,90,244.280854
2017,Ireland,1799,97,440.0317664
2017,Israel,813,213,467.4372008
2017,Italy,6230,732,2559.743831
2017,Jamaica,0,19,19.32270457
2017,Japan,20974,44093,6433.736876
2017,Jordan,21,141,54.29052075
2017,Kazakhstan,0,13,217.647526
2017,Kenya,34,121,107.0409112
2017,Kiribati,0,24,0.29100848
2017,South Korea,20852,20314,2117.780702
2017,Kuwait,40,563,157.472619
2017,Laos,16,24,24.56013306
2017,Latvia,19,11,39.77514816
2017,Lebanon,19,47,69.19030565
2017,Lesotho,0,0,3.00982731
2017,Liberia,0,0,4.42417623
2017,Libya,54,1,87.62677498
2017,Lithuania,64,7,62.31540891
2017,Luxembourg,33,2,85.74099006
2017,Madagascar,19,18,17.19240127
2017,Malawi,0,6,11.66950002
2017,Malaysia,11088,5695,416.3722696
2017,Maldives,0,41,6.28445371
2017,Mali,0,13,20.04912092
2017,Malta,17,2,17.59457637
2017,Marshall Islands,0,1,0.27783767
2017,Mauritania,0,16,8.87279012
2017,Mauritius,17,105,17.89332795
2017,Mexico,2783,223,1553.648619
2017,Moldova,0,0,12.4143563
2017,Mongolia,0,24,14.98016421
2017,Montenegro,0,2,6.33687158
2017,Morocco,58,41,154.671266
2017,Mozambique,25,561,17.30765006
2017,Myanmar,39,173,86.18574301
2017,Namibia,9,10,16.82554426
2017,Nauru,7,43,0.1426868
2017,Nepal,11,51,37.80201336
2017,Netherlands,2281,2928,1088.029773
2017,New Caledonia,32,394,11.97026202
2017,New Zealand,7678,8962,269.5276867
2017,Nicaragua,23,0,17.98784352
2017,Niger,0,4,14.59427929
2017,Nigeria,517,217,490.2715269
2017,North Macedonia,8,0,14.75341588
2017,Northern Mariana Islands,0,0,2.03548176
2017,Norway,397,86,524.1956279
2017,Oman,92,375,105.5014948
2017,Pakistan,301,700,442.5940251
2017,Palau,0,1,0.38145158
2017,Panama,9,116,81.16183415
2017,Papua New Guinea,3336,1735,29.67458286
2017,Paraguay,3,2,50.88329855
2017,Peru,356,65,275.3223736
2017,Philippines,675,2299,428.6003515
2017,Poland,1032,448,684.5498081
2017,Portugal,242,54,288.8268695
2017,Puerto Rico,303,1,134.9752746
2017,Qatar,320,511,210.2014903
2017,Romania,171,76,274.1991787
2017,Russia,407,484,2054.009028
2017,Rwanda,0,0,12.07306095
2017,Samoa,17,32,1.15454141
2017,Sao Tome and Principe,0,0,0.42014802
2017,Saudi Arabia,409,1262,932.9221811
2017,Senegal,1,50,27.39623134
2017,Serbia,28,0,57.64468136
2017,Seychelles,0,7,2.18601691
2017,Sierra Leone,15,2,4.85311489
2017,Singapore,8196,6629,447.8805753
2017,Slovenia,164,121,63.39886338
2017,Solomon Islands,16,115,1.91777496
2017,Somalia,0,1,10.76769117
2017,South Africa,1111,1393,497.7128876
2017,South Sudan,0,0,0
2017,"Southern and East Africa, nec",0,0,1226.645871
2017,Spain,2179,658,1713.517254
2017,Sri Lanka,244,281,123.1417376
2017,St Lucia,0,1,2.60763964
2017,St Vincent and the Grenadines,0,0,1.10130098
2017,Sudan,0,10,53.8666996
2017,Suriname,0,2,4.68640896
2017,Sweden,2283,297,705.9191006
2017,Switzerland (includes Liechtenstein),3022,1439,907.0952662
2017,Syria,0,0,21.35930611
2017,Taiwan,4208,8631,849.8862047
2017,Tajikistan,0,0,9.8334683
2017,Tanzania,6,43,69.51285624
2017,Thailand,14346,4464,595.4525449
2017,Timor-Leste,1,30,2.08533593
2017,Togo,27,4,8.33428335
2017,Tonga,0,13,0.60069462
2017,Trinidad and Tobago,8,26,31.36768725
2017,Tunisia,32,3,55.01480606
2017,Turkey,843,1459,1120.80475
2017,Turkmenistan,2,1,49.48606589
2017,Turks and Caicos Islands,0,0,1.34255897
2017,Tuvalu,0,1,0.05907672
2017,Uganda,0,16,40.11526649
2017,Ukraine,33,65,146.2552427
2017,United Arab Emirates,2111,3443,509.5447638
2017,United Kingdom,6844,6014,3497.046458
2017,USA,29715,11731,25589.79224
2017,Uruguay,19,6,84.81963099
2017,Uzbekistan,0,2,81.00346159
2017,Vanuatu,0,75,1.14830116
2017,Vietnam,5072,4609,367.1090597
2017,"Virgin Islands, United States",0,0,4.95039602
2017,Yemen,0,271,35.02363309
2017,Zambia,0,20,33.75977143
2017,Zimbabwe,0,0,22.94469535
2018,Afghanistan,0,6,24.18655235
2018,Albania,11,1,20.30560688
2018,Algeria,735,11,260.6516457
2018,Angola,32,23,106.4429473
2018,Antigua and Barbuda,3,0,2.22601106
2018,Argentina,709,445,703.1201033
2018,Armenia,0,0,16.69035163
2018,Austria,1943,40,609.5680556
2018,Azerbaijan,58,2,63.11827218
2018,Bahrain,96,1421,50.6447074
2018,Bangladesh,966,902,430.5412468
2018,Barbados,0,0,6.87062869
2018,Belarus,22,0,80.42592467
2018,Belgium,2084,961,727.8773188
2018,Belize,0,2,3.07172973
2018,Benin,0,1,19.10786156
2018,Bermuda,0,0,9.68090152
2018,Bhutan,0,0,3.46098787
2018,Bolivia,14,1,53.97481229
2018,Bosnia and Herz.,20,0,27.44322439
2018,Botswana,0,0,22.81830744
2018,Brazil,828,1405,2568.185353
2018,Brunei Darussalam,767,50,18.17611481
2018,Bulgaria,81,68,88.91845548
2018,Burkina Faso,0,14,21.28849376
2018,Burundi,0,0,3.57332001
2018,Cabo Verde,0,0,2.95425119
2018,Cambodia,183,56,32.91966286
2018,Cameroon,0,0,53.52989167
2018,Canada,2148,1912,2311.485631
2018,Cayman Islands,1,0,7.40897922
2018,Central African Republic,0,1,2.97552572
2018,Chad,0,0,15.05751784
2018,Chile,461,325,396.371028
2018,China,74518,117815,18615.50827
2018,Colombia,87,53,447.7373839
2018,Comoros,0,0,1.59267474
2018,Dem. Rep. Congo,0,1,63.72884341
2018,Congo,510,0,19.79312606
2018,Costa Rica,127,4,83.62654217
2018,Côte d'Ivoire,9,78,78.4046703
2018,Croatia,39,1,82.87760404
2018,Cuba,10,0,134.0406352
2018,Cyprus,34,4,34.29362591
2018,Czechia,711,185,333.5949884
2018,Denmark,1426,96,478.0730239
2018,Greenland,1426,96,478.0730239
2018,Djibouti,1,1,3.90327627
2018,Dominica,0,0,0.74324584
2018,Dominican Rep.,47,16,114.6216362
2018,Ecuador,27,23,143.9934346
2018,Egypt,54,612,351.7994442
2018,El Salvador,11,21,34.8610695
2018,Equatorial Guinea,0,0,17.54653865
2018,Eritrea,0,7,0
2018,Estonia,167,10,41.02904014
2018,Eswatini,1,0,6.25200937
2018,Ethiopia,25,4,112.8984764
2018,Fiji,175,474,7.47763644
2018,Finland,1135,88,369.3759355
2018,France,5301,1634,3739.145405
2018,French Polynesia,0,57,8.21943611
2018,Gabon,460,0,22.59776439
2018,Georgia,0,76,23.98468387
2018,Germany,15017,2719,5324.704843
2018,Ghana,2,85,90.16277868
2018,Gibraltar,0,0,0
2018,Greece,265,31,284.0902783
2018,Grenada,0,0,1.56282189
2018,Guam,0,12,8.10674254
2018,Guatemala,22,4,98.24065157
2018,Guinea,0,12,15.88529044
2018,Guinea-Bissau,0,0,2.08212873
2018,Guyana,0,3,6.41416964
2018,Haiti,0,0,21.97684797
2018,Honduras,79,0,32.24443213
2018,Hong Kong,1005,10326,484.6241381
2018,Hungary,623,36,215.1155723
2018,Iceland,13,427,35.18260692
2018,India,5492,16628,3621.212146
2018,Indonesia,4972,6411,1396.368695
2018,Iran,63,150,441.7001531
2018,Iraq,0,275,304.6123835
2018,Ireland,1923,105,518.0670125
2018,Israel,802,283,504.667199
2018,Italy,7037,872,2802.637181
2018,Jamaica,0,25,21.07510952
2018,Japan,22523,55414,6753.449666
2018,Jordan,54,132,58.10550344
2018,Kazakhstan,1,14,240.2682244
2018,Kenya,38,79,123.5276516
2018,Kiribati,0,19,0.31330963
2018,South Korea,13188,23741,2311.544987
2018,Kuwait,51,383,185.1549127
2018,Laos,22,26,24.30415078
2018,Latvia,69,16,46.12580214
2018,Lebanon,21,39,73.55354167
2018,Lesotho,0,0,3.42469652
2018,Liberia,0,1,4.58558783
2018,Libya,720,3,102.7390348
2018,Lithuania,110,5,72.01270092
2018,Luxembourg,29,58,95.12173798
2018,Madagascar,30,20,18.43481195
2018,Malawi,0,0,13.23749705
2018,Malaysia,12928,7382,480.682333
2018,Maldives,2,45,7.24039443
2018,Mali,0,14,22.87045586
2018,Malta,18,1,20.63782035
2018,Marshall Islands,1,3,0.29397832
2018,Mauritania,0,12,10.01258473
2018,Mauritius,27,99,19.74194232
2018,Mexico,3103,254,1683.110582
2018,Moldova,0,0,15.07518296
2018,Mongolia,1,38,17.65516791
2018,Montenegro,0,0,7.37784877
2018,Morocco,44,21,170.6035197
2018,Mozambique,11,701,20.11929653
2018,Myanmar,42,161,90.91517625
2018,Namibia,56,10,18.33029318
2018,Nauru,4,47,0.17549948
2018,Nepal,10,48,44.36070238
2018,Netherlands,3015,3492,1224.5769
2018,New Caledonia,47,439,13.25856641
2018,New Zealand,7844,9610,283.8184571
2018,Nicaragua,19,1,17.45038282
2018,Niger,0,0,17.198603
2018,Nigeria,623,144,565.0192579
2018,North Macedonia,11,0,16.99196294
2018,Northern Mariana Islands,0,3,1.74299654
2018,Norway,444,171,589.2006545
2018,Oman,67,608,122.5936838
2018,Pakistan,311,467,477.1177255
2018,Palau,0,0,0.38605964
2018,Panama,16,136,90.15642107
2018,Papua New Guinea,3571,2145,32.30074117
2018,Paraguay,0,1,53.89148126
2018,Peru,323,54,298.2212274
2018,Philippines,717,2192,464.6765752
2018,Poland,1014,523,788.8094893
2018,Portugal,299,40,324.6356056
2018,Puerto Rico,395,5,135.2572011
2018,Qatar,441,871,245.6204377
2018,Romania,212,48,325.9792447
2018,Russia,214,619,2220.383022
2018,Rwanda,0,0,12.91224769
2018,Samoa,5,39,1.17688899
2018,Sao Tome and Principe,0,0,0.51407992
2018,Saudi Arabia,599,736,1134.198705
2018,Senegal,0,25,30.97027728
2018,Serbia,30,0,67.8451191
2018,Seychelles,8,9,2.3905096
2018,Sierra Leone,3,2,5.47297481
2018,Singapore,11443,9836,504.9367151
2018,Slovenia,161,39,72.58405949
2018,Solomon Islands,10,127,2.16431456
2018,Somalia,0,1,11.09061905
2018,South Africa,1162,1666,542.9423812
2018,South Sudan,0,0,0
2018,"Southern and East Africa, nec",0,0,1356.776557
2018,Spain,2566,867,1904.706309
2018,Sri Lanka,258,253,126.596841
2018,St Lucia,0,0,2.76113635
2018,St Vincent and the Grenadines,0,0,1.18476824
2018,Sudan,0,15,43.3187296
2018,Suriname,0,3,5.35385149
2018,Sweden,2702,398,744.1635576
2018,Switzerland (includes Liechtenstein),3627,1174,972.0705313
2018,Syria,0,1,28.80135365
2018,Taiwan,4674,10533,816.1671712
2018,Tajikistan,0,0,10.40305004
2018,Tanzania,8,52,76.3699263
2018,Thailand,14920,6535,678.9168562
2018,Timor-Leste,0,20,2.09823718
2018,Togo,22,14,9.41740678
2018,Tonga,0,21,0.65500609
2018,Trinidad and Tobago,21,21,32.91608028
2018,Tunisia,38,1,57.18874797
2018,Turkey,1029,442,1043.617099
2018,Turkmenistan,0,0,54.61491221
2018,Turks and Caicos Islands,0,0,1.51222568
2018,Tuvalu,0,0,0.06432777
2018,Uganda,1,2,44.1135216
2018,Ukraine,68,69,175.3595031
2018,United Arab Emirates,3045,3921,572.133498
2018,United Kingdom,7213,4840,3846.838032
2018,USA,31240,12999,27674.27812
2018,Uruguay,7,11,87.54425712
2018,Uzbekistan,0,0,70.8319873
2018,Vanuatu,0,83,1.22550607
2018,Vietnam,6086,5019,415.4608129
2018,"Virgin Islands, United States",0,1,5.25578433
2018,Yemen,0,163,28.94655126
2018,Zambia,9,14,35.25047351
2018,Zimbabwe,0,1,45.76011649
2019,Afghanistan,1,0,27.04685479
2019,Albania,6,0,22.15868426
2019,Algeria,898,2,278.3313831
2019,Angola,0,3,102.0012535
2019,Antigua and Barbuda,1,0,2.48227234
2019,Argentina,755,308,644.1869021
2019,Armenia,0,0,19.5941414
2019,Austria,1897,33,639.6427124
2019,Azerbaijan,0,0,69.30851319
2019,Bahrain,87,1186,55.610722
2019,Bangladesh,1129,913,505.3187384
2019,Barbados,0,1,7.72173008
2019,Belarus,28,3,92.66716579
2019,Belgium,1841,1366,770.952812
2019,Belize,3,0,3.43389027
2019,Benin,0,0,20.70398463
2019,Bermuda,0,1,10.68017621
2019,Bhutan,0,0,3.9358414
2019,Bolivia,21,0,58.83630546
2019,Bosnia and Herz.,20,0,29.46843163
2019,Botswana,0,19,24.06364768
2019,Brazil,854,1019,2695.109107
2019,Brunei Darussalam,1214,51,19.37825627
2019,Bulgaria,105,25,99.09945385
2019,Burkina Faso,0,15,23.06648895
2019,Burundi,1,0,3.7068506
2019,Cabo Verde,0,1,3.24021849
2019,Cambodia,270,86,38.97364089
2019,Cameroon,0,0,57.07020109
2019,Canada,2637,2186,2508.70614
2019,Cayman Islands,0,0,8.54863635
2019,Central African Republic,0,1,3.19579736
2019,Chad,0,0,16.27887671
2019,Chile,533,325,400.3701054
2019,China,79253,148374,20544.66209
2019,Colombia,109,36,464.7473237
2019,Comoros,0,0,1.71928058
2019,Dem. Rep. Congo,1,0,74.49014532
2019,Congo,160,0,20.10825801
2019,Costa Rica,128,1,92.67802467
2019,Côte d'Ivoire,13,77,86.87317252
2019,Croatia,41,2,89.00858909
2019,Cuba,14,0,148.8018053
2019,Cyprus,32,8,37.33010756
2019,Czechia,786,132,363.3423293
2019,Denmark,1342,122,498.5094668
2019,Greenland,1342,122,498.5094668
2019,Djibouti,0,1,4.44394917
2019,Dominica,0,0,0.87982139
2019,Dominican Rep.,52,14,127.9603974
2019,Ecuador,25,14,154.7986572
2019,Egypt,50,535,458.4848052
2019,El Salvador,11,7,38.67403052
2019,Equatorial Guinea,0,0,16.34963576
2019,Eritrea,0,3,0
2019,Estonia,276,19,45.01773161
2019,Eswatini,0,0,6.46736349
2019,Ethiopia,26,2,137.9899483
2019,Fiji,177,455,7.83289586
2019,Finland,1345,74,386.3137536
2019,France,6078,1569,3926.039268
2019,French Polynesia,2,57,8.66427888
2019,Gabon,79,0,24.27729151
2019,Georgia,1,88,25.3763638
2019,Germany,14630,3038,5595.379244
2019,Ghana,29,92,98.31817805
2019,Gibraltar,0,0,0
2019,Greece,300,35,295.2981734
2019,Grenada,0,0,1.7458472
2019,Guam,1,9,9.14297028
2019,Guatemala,27,1,111.0281987
2019,Guinea,0,6,19.34031205
2019,Guinea-Bissau,0,0,2.13860129
2019,Guyana,0,4,7.44351466
2019,Haiti,2,0,21.6037251
2019,Honduras,70,2,35.79818259
2019,Hong Kong,586,7499,522.3571634
2019,Hungary,755,62,235.9770564
2019,Iceland,17,261,35.50917251
2019,India,4671,14052,4079.600899
2019,Indonesia,4996,5954,1610.05458
2019,Iran,23,58,408.0879993
2019,Iraq,0,26,336.1334221
2019,Ireland,1892,92,573.9469162
2019,Israel,854,281,579.0363403
2019,Italy,7120,670,2893.67053
2019,Jamaica,0,32,22.77580296
2019,Japan,21483,56727,7363.283346
2019,Jordan,61,151,64.02642519
2019,Kazakhstan,5,26,261.3654872
2019,Kenya,39,70,144.4149581
2019,Kiribati,0,18,0.31204295
2019,South Korea,12046,25306,2375.91043
2019,Kuwait,27,440,199.5430906
2019,Laos,26,28,27.21297242
2019,Latvia,35,27,49.24046637
2019,Lebanon,21,41,74.24575143
2019,Lesotho,0,0,3.43951535
2019,Liberia,0,0,4.77592008
2019,Libya,868,2,103.7046795
2019,Lithuania,103,6,78.85330852
2019,Luxembourg,34,20,100.5518195
2019,Madagascar,28,27,20.2924516
2019,Malawi,0,0,15.93697456
2019,Malaysia,10980,8905,525.3830131
2019,Maldives,2,60,8.23816122
2019,Mali,0,11,24.86118324
2019,Malta,22,4,23.02584609
2019,Marshall Islands,0,4,0.33377482
2019,Mauritania,76,10,11.35823772
2019,Mauritius,18,99,20.76964458
2019,Mexico,3036,274,1877.813787
2019,Moldova,0,0,16.88578861
2019,Mongolia,1,47,20.43875975
2019,Montenegro,0,0,7.97338106
2019,Morocco,57,17,185.4782319
2019,Mozambique,5,507,22.31828389
2019,Myanmar,61,133,107.9965437
2019,Namibia,15,13,18.04413467
2019,Nauru,6,44,0.18006848
2019,Nepal,10,38,49.1838291
2019,Netherlands,3330,3236,1309.501159
2019,New Caledonia,20,469,13.63267269
2019,New Zealand,7779,10171,306.2239103
2019,Nicaragua,20,0,18.27018133
2019,Niger,0,0,18.54426803
2019,Nigeria,554,85,682.6906867
2019,North Macedonia,10,0,18.13680216
2019,Northern Mariana Islands,0,0,1.69911061
2019,Norway,481,230,588.0603689
2019,Oman,16,399,126.6935971
2019,Pakistan,358,330,461.694063
2019,Palau,0,0,0.40546837
2019,Panama,12,88,100.3090843
2019,Papua New Guinea,4106,2502,35.60948372
2019,Paraguay,5,0,54.56337388
2019,Peru,154,90,328.5225406
2019,Philippines,700,2786,542.1377129
2019,Poland,1191,576,857.5523055
2019,Portugal,280,17,345.2703855
2019,Puerto Rico,317,1,151.2458773
2019,Qatar,308,821,253.7462247
2019,Romania,217,34,361.1405605
2019,Russia,398,731,2435.89302
2019,Rwanda,0,0,14.88958945
2019,Samoa,5,53,1.3134664
2019,Sao Tome and Principe,0,0,0.59415073
2019,Saudi Arabia,521,822,1206.447371
2019,Senegal,5,26,33.67144605
2019,Serbia,37,0,74.11379889
2019,Seychelles,4,9,2.68849379
2019,Sierra Leone,0,0,5.86499416
2019,Singapore,10350,11935,542.2502872
2019,Slovenia,169,98,78.24635149
2019,Solomon Islands,6,115,2.32948642
2019,Somalia,0,1,13.55322155
2019,South Africa,1085,1528,560.131064
2019,South Sudan,0,0,0
2019,"Southern and East Africa, nec",0,0,1448.095851
2019,Spain,2259,447,2006.015235
2019,Sri Lanka,283,224,128.0662944
2019,St Lucia,0,1,3.00988819
2019,St Vincent and the Grenadines,0,0,1.31032456
2019,Sudan,0,9,46.52495619
2019,Suriname,0,17,5.77789766
2019,Sweden,2113,518,768.095148
2019,Switzerland (includes Liechtenstein),3544,1898,1037.837349
2019,Syria,0,2,32.49033983
2019,Taiwan,5218,12771,887.8341162
2019,Tajikistan,0,0,11.94242203
2019,Tanzania,6,49,87.79946436
2019,Thailand,14865,4452,782.6219864
2019,Timor-Leste,1,29,2.91630395
2019,Togo,17,7,10.0604326
2019,Tonga,0,19,0.73669421
2019,Trinidad and Tobago,6,37,34.2062966
2019,Tunisia,41,1,60.28971019
2019,Turkey,1101,490,1094.863061
2019,Turkmenistan,0,0,65.07673774
2019,Turks and Caicos Islands,0,0,1.69376612
2019,Tuvalu,0,2,0.07786732
2019,Uganda,3,0,50.85556748
2019,Ukraine,84,85,221.3923099
2019,United Arab Emirates,2699,3691,601.3639026
2019,United Kingdom,7215,15211,4102.333745
2019,USA,36011,14773,30962.93859
2019,Uruguay,18,27,89.51966063
2019,Uzbekistan,0,1,86.7301782
2019,Vanuatu,1,82,1.34738502
2019,Vietnam,6016,6066,481.0529865
2019,"Virgin Islands, United States",0,0,5.92890331
2019,Yemen,118,19,31.7842871
2019,Zambia,30,19,33.53429688
2019,Zimbabwe,0,19,31.41014555
2020,Afghanistan,0,32,28.97866312
2020,Albania,1,0,22.01830671
2020,Algeria,158,4,239.4181272
2020,Angola,0,7,70.43071758
2020,Antigua and Barbuda,0,0,2.04866386
2020,Argentina,733,172,560.1465217
2020,Armenia,0,0,18.35742769
2020,Austria,1619,43,631.7494698
2020,Azerbaijan,177,2,61.99591417
2020,Bahrain,129,881,50.2754695
2020,Bangladesh,1067,809,543.06789
2020,Barbados,0,3,6.94084222
2020,Belarus,44,4,89.11995118
2020,Belgium,1879,876,763.8531984
2020,Belize,5,1,2.97357313
2020,Benin,0,0,22.77923555
2020,Bermuda,0,1,10.00105343
2020,Bhutan,0,0,3.56876793
2020,Bolivia,15,0,53.19140498
2020,Bosnia and Herz.,19,0,29.37089515
2020,Botswana,1,25,21.7243324
2020,Brazil,874,743,2143.504022
2020,Brunei Darussalam,1353,386,17.43401787
2020,Bulgaria,103,95,102.1847962
2020,Burkina Faso,0,8,25.73907272
2020,Burundi,0,0,3.84768815
2020,Cabo Verde,0,0,2.64515554
2020,Cambodia,310,120,37.57074362
2020,Cameroon,1,0,59.20816903
2020,Canada,2399,2099,2404.274434
2020,Cayman Islands,0,0,8.21233196
2020,Central African Republic,0,0,3.3787082
2020,Chad,0,0,15.5601802
2020,Chile,519,409,368.9030029
2020,China,84420,146579,21328.55799
2020,Colombia,112,28,392.5817497
2020,Comoros,0,0,1.77891984
2020,Dem. Rep. Congo,0,0,70.74350798
2020,Congo,49,18,16.65406052
2020,Costa Rica,144,4,90.60672544
2020,Côte d'Ivoire,201,53,91.52482498
2020,Croatia,41,15,84.54507234
2020,Cuba,9,0,155.8890914
2020,Cyprus,40,7,36.63323473
2020,Czechia,755,103,357.1877738
2020,Denmark,1337,115,515.162694
2020,Greenland,1337,115,515.162694
2020,Djibouti,0,1,4.62526285
2020,Dominica,0,0,0.73218697
2020,Dominican Rep.,61,13,114.4929273
2020,Ecuador,21,8,139.2094155
2020,Egypt,52,565,557.3545537
2020,El Salvador,10,3,36.1888824
2020,Equatorial Guinea,0,0,14.36713672
2020,Eritrea,0,2,0
2020,Estonia,357,14,45.49593657
2020,Eswatini,0,0,5.78273732
2020,Ethiopia,23,7,156.3333488
2020,Fiji,183,348,6.43653047
2020,Finland,1398,141,394.8147452
2020,France,5831,1801,3844.404047
2020,French Polynesia,0,51,8.41154701
2020,Gabon,259,26,22.23880289
2020,Georgia,4,4,23.24991155
2020,Germany,13644,3785,5645.496907
2020,Ghana,271,99,101.7118904
2020,Gibraltar,0,1,0
2020,Greece,362,59,273.6985176
2020,Grenada,0,0,1.51517171
2020,Guam,1,10,8.59081883
2020,Guatemala,24,2,112.8527819
2020,Guinea,0,6,20.58810329
2020,Guinea-Bissau,0,0,2.20793916
2020,Guyana,0,5,7.94499225
2020,Haiti,0,1,21.06786869
2020,Honduras,74,0,33.91054741
2020,Hong Kong,1200,6817,500.9033306
2020,Hungary,812,56,228.4044828
2020,Iceland,14,54,31.40956882
2020,India,5403,9949,3884.240247
2020,Indonesia,4691,5239,1537.888486
2020,Iran,26,14,348.1278116
2020,Iraq,0,25,262.6891141
2020,Ireland,1968,120,622.3968197
2020,Israel,767,237,600.1196203
2020,Italy,6729,513,2755.366657
2020,Jamaica,0,22,20.05747356
2020,Japan,17651,43715,7341.384853
2020,Jordan,41,119,63.45876841
2020,Kazakhstan,23,17,248.4343492
2020,Kenya,33,76,146.1680858
2020,Kiribati,0,23,0.32378773
2020,South Korea,9033,23285,2387.760926
2020,Kuwait,0,396,156.123173
2020,Laos,130,27,27.56293647
2020,Latvia,64,23,49.9401758
2020,Lebanon,22,24,46.05022794
2020,Lesotho,0,0,2.98172055
2020,Liberia,0,0,4.61215787
2020,Libya,218,0,95.38837318
2020,Lithuania,155,12,82.72067357
2020,Luxembourg,27,1,107.0212825
2020,Madagascar,19,15,18.95242847
2020,Malawi,0,0,17.48549661
2020,Malaysia,9642,7001,490.0312317
2020,Maldives,3,29,5.39119563
2020,Mali,408,30,25.36207319
2020,Malta,23,3,22.14502687
2020,Marshall Islands,0,4,0.34960268
2020,Mauritania,104,6,11.99571114
2020,Mauritius,11,79,16.56608784
2020,Mexico,2944,206,1627.597734
2020,Moldova,3,0,16.74417712
2020,Mongolia,0,35,19.33221966
2020,Montenegro,1,0,6.92666986
2020,Morocco,56,22,176.2216327
2020,Mozambique,19,423,20.6717234
2020,Myanmar,57,167,114.7273848
2020,Namibia,10,7,15.36901052
2020,Nauru,0,57,0.1810602
2020,Nepal,9,65,48.55011998
2020,Netherlands,2748,2592,1321.141116
2020,New Caledonia,9,404,13.72937945
2020,New Zealand,7056,10055,308.8651036
2020,Nicaragua,15,1,18.41529478
2020,Niger,0,0,19.95906434
2020,Nigeria,308,34,627.610283
2020,North Macedonia,12,0,17.94986962
2020,Northern Mariana Islands,0,0,1.24593011
2020,Norway,360,145,533.8526195
2020,Oman,31,415,110.2305414
2020,Pakistan,337,460,436.2579421
2020,Palau,0,1,0.37926685
2020,Panama,4,54,82.89767973
2020,Papua New Guinea,3457,2005,34.63111413
2020,Paraguay,0,1,51.45223503
2020,Peru,217,108,292.4736643
2020,Philippines,621,2095,525.3107761
2020,Poland,1462,282,870.4705733
2020,Portugal,305,16,332.5847227
2020,Puerto Rico,246,1,149.7597832
2020,Qatar,273,775,209.7045063
2020,Romania,234,32,365.0118021
2020,Russia,214,683,2168.144778
2020,Rwanda,0,0,14.77456401
2020,Samoa,0,30,1.26175598
2020,Sao Tome and Principe,0,0,0.68428789
2020,Saudi Arabia,919,903,1066.25944
2020,Senegal,284,28,35.62156749
2020,Serbia,47,1,77.48071204
2020,Seychelles,1,3,2.00764902
2020,Sierra Leone,2,1,5.89988026
2020,Singapore,7348,11791,507.5036135
2020,Slovenia,187,57,78.02967968
2020,Solomon Islands,6,82,2.23068803
2020,Somalia,0,0,13.36563599
2020,South Africa,1047,1117,491.2440998
2020,South Sudan,0,0,0
2020,"Southern and East Africa, nec",0,0,1349.13914
2020,Spain,2450,458,1856.013107
2020,Sri Lanka,248,194,122.4210543
2020,St Lucia,0,1,2.17504255
2020,St Vincent and the Grenadines,0,0,1.26206493
2020,Sudan,0,8,39.25782573
2020,Suriname,0,10,4.22833176
2020,Sweden,1852,321,794.3954192
2020,Switzerland (includes Liechtenstein),3458,2559,1077.481823
2020,Syria,1,1,16.19983355
2020,Taiwan,4922,9924,977.5468929
2020,Tajikistan,0,0,11.81159689
2020,Tanzania,6,44,95.94059441
2020,Thailand,14280,3997,726.737238
2020,Timor-Leste,0,64,3.14041071
2020,Togo,10,5,10.74619685
2020,Tonga,0,20,0.70398951
2020,Trinidad and Tobago,6,22,30.21536096
2020,Tunisia,42,0,61.70376893
2020,Turkey,1132,400,1046.027304
2020,Turkmenistan,0,0,66.53382979
2020,Turks and Caicos Islands,0,0,1.12490016
2020,Tuvalu,0,1,0.07514294
2020,Uganda,3,0,54.60073553
2020,Ukraine,108,10,227.4297625
2020,United Arab Emirates,2044,2838,507.4812982
2020,United Kingdom,6992,14801,3917.57398
2020,USA,34415,19138,30963.75935
2020,Uruguay,13,8,77.93399823
2020,Uzbekistan,0,8,87.45427617
2020,Vanuatu,0,70,1.32060031
2020,Vietnam,6260,6396,503.3321523
2020,"Virgin Islands, United States",0,0,6.08298514
2020,Yemen,0,15,27.61956966
2020,Zambia,9,15,26.338447
2020,Zimbabwe,0,15,31.23494288
2013,Australia,0,0,0
2014,Australia,0,0,0
2015,Australia,0,0,0
2016,Australia,0,0,0
2017,Australia,0,0,0
2018,Australia,0,0,0
2019,Australia,0,0,0
2020,Australia,0,0,0
2013,Venezuela,0,6,384.5845477
2014,Venezuela,0,7,535.161264
2015,Venezuela,1,31,535.161264
2016,Venezuela,0,15,535.161264
2017,Venezuela,0,0,535.161264
2018,Venezuela,4,1,535.161264
2019,Venezuela,0,5,535.161264
2020,Venezuela,0,1,535.161264
2013,S. Sudan,0,0,0
2014,S. Sudan,0,0,0
2015,S. Sudan,0,0,0
2016,S. Sudan,0,0,0
2017,S. Sudan,0,0,0
2018,S. Sudan,0,0,0
2019,S. Sudan,0,0,0
2020,S. Sudan,0,0,0
2013,Central African Rep.,0,0,0
2014,Central African Rep.,0,0,0
2015,Central African Rep.,0,0,0
2016,Central African Rep.,0,0,0
2017,Central African Rep.,0,0,0
2018,Central African Rep.,0,0,0
2019,Central African Rep.,0,0,0
2020,Central African Rep.,0,0,0
2013,Kyrgyzstan,0,0,0
2014,Kyrgyzstan,0,0,0
2015,Kyrgyzstan,0,0,0
2016,Kyrgyzstan,0,0,0
2017,Kyrgyzstan,0,0,0
2018,Kyrgyzstan,0,0,0
2019,Kyrgyzstan,0,0,0
2020,Kyrgyzstan,0,0,0
2013,Antarctica,0,0,0
2014,Antarctica,0,0,0
2015,Antarctica,0,0,0
2016,Antarctica,0,0,0
2017,Antarctica,0,0,0
2018,Antarctica,0,0,0
2019,Antarctica,0,0,0
2020,Antarctica,0,0,0
2013,North Korea,0,0,0
2014,North Korea,0,0,0
2015,North Korea,0,0,0
2016,North Korea,0,0,0
2017,North Korea,0,0,0
2018,North Korea,0,0,0
2019,North Korea,0,0,0
2020,North Korea,0,0,0